<?xml version="1.0" encoding="UTF-8" ?>
<!DOCTYPE mapper PUBLIC "-//mybatis.org//DTD Mapper 3.0//EN" "http://mybatis.org/dtd/mybatis-3-mapper.dtd" >

<mapper namespace="com.shaoxi.scanorder.repository.ScanErrInfoMapper">
	<resultMap id="ScanErrInfoEntityMap" type="com.shaoxi.scanorder.entity.ScanErrInfoEntity">
		<result column="id" property="id" jdbcType="BIGINT" />
		<result column="qrcode_address" property="qrcodeAddress" jdbcType="VARCHAR" />
	</resultMap>
	<sql id="BaseColumn">
		id,
		qrcode_address
	</sql>
	

	
	 <!-- 插入 -->
	<insert id="save" parameterType="com.shaoxi.scanorder.entity.ScanErrInfoEntity" useGeneratedKeys="true"
            keyProperty="id">
		INSERT INTO scan_err_info (
			id,
			qrcode_address
		) VALUES (
			#{id,jdbcType=BIGINT},
			#{qrcodeAddress,jdbcType=VARCHAR}
		)
	</insert>
	
	<!-- 查询 -->
	<select id="query" parameterType="com.shaoxi.scanorder.entity.ScanErrInfoEntity" resultMap="ScanErrInfoEntityMap">
		SELECT 
			<include refid="BaseColumn" />
		FROM scan_err_info
		<where>
			<if test="id!=null and id!=''">
				and id = #{id}
			</if>
			<if test="qrcodeAddress!=null and qrcodeAddress!=''">
				and qrcode_address = #{qrcodeAddress}
			</if>
		</where>
	</select>
	
</mapper>